"id","title","slug","content","excerpt","category","date","image","author","published"
1,"Gestion des risques : comment protéger efficacement votre entreprise","gestion-des-risques-comment-proteger-efficacement-votre-entreprise","<h2>La gestion des risques, une priorit&eacute; pour la s&eacute;curit&eacute; en entreprise</h2>
<p>La gestion des risques ne consiste pas seulement &agrave; &eacute;tablir un plan, mais &agrave; l&rsquo;ajuster continuellement pour faire face aux menaces changeantes. Les ajustements n&eacute;cessaires peuvent &ecirc;tre identifi&eacute;s par vos &eacute;quipes internes ou par des professionnels externes capables d&rsquo;apporter un regard neuf.</p>
<p>Au-del&agrave; d&rsquo;une simple checklist, une d&eacute;marche pr&eacute;ventive est un processus vivant. Une crise impr&eacute;vue, une nouvelle directive institutionnelle, ou l&rsquo;arriv&eacute;e d&rsquo;un cadre passionn&eacute; par ces enjeux peuvent autant renforcer qu&rsquo;affaiblir les dispositifs en place. Dans ce contexte, un audit de s&eacute;curit&eacute;/s&ucirc;ret&eacute; agit souvent comme base pour dresser un &eacute;tat des lieux pr&eacute;cis. Ensuite, une approche compl&egrave;te en mati&egrave;re de&nbsp;<a href=""https://www.securitas.fr/services-integres/risk-management/"" target=""_blank"" rel=""noopener"">risk management</a>&nbsp;aide &agrave; inscrire cette d&eacute;marche dans une vision globale, durable et adapt&eacute;e aux r&eacute;alit&eacute;s de votre entreprise.</p>
<h2>Identifier les risques pour une protection sur mesure</h2>
<p>La premi&egrave;re &eacute;tape pour mettre en place une v&eacute;ritable gestion des risques consiste &agrave; passer en revue l&rsquo;ensemble des menaces internes et externes susceptibles de nuire &agrave; votre entreprise. Les sources de vuln&eacute;rabilit&eacute; sont vari&eacute;es et ne se limitent pas aux facteurs ext&eacute;rieurs. Bien s&ucirc;r, des cyberattaques, la concurrence, des visiteurs ou des fournisseurs peuvent cr&eacute;er des br&egrave;ches de s&eacute;curit&eacute;, mais il faut &eacute;galement tenir compte des d&eacute;faillances internes. Un salari&eacute; n&eacute;gligent, un stagiaire mal form&eacute; ou un dirigeant insuffisamment sensibilis&eacute; peuvent fragiliser les mesures en place.</p>
<p>Une fois les risques clairement identifi&eacute;s, l&rsquo;analyse peut d&eacute;buter. Cette d&eacute;marche de pr&eacute;vention vise &agrave; r&eacute;pondre &agrave; de multiples enjeux, qu&rsquo;ils soient humains, financiers, juridiques, politiques, technologiques ou environnementaux. Pr&eacute;server la sant&eacute; et la s&eacute;curit&eacute; des salari&eacute;s, ma&icirc;triser les co&ucirc;ts li&eacute;s aux accidents du travail, &eacute;viter des r&eacute;percussions juridiques ou pr&eacute;venir des conflits sociaux sont autant d&rsquo;objectifs qui n&eacute;cessitent une vision globale et dynamique.</p>
<p>Pour ancrer cette approche dans la dur&eacute;e, une m&eacute;thodologie rigoureuse est indispensable. En ce sens, la&nbsp;<a href=""https://www.securitas.fr/services-integres/securite/prevention-des-risques/prevention-des-risques-professionnels-sse/"" target=""_blank"" rel=""noopener"">pr&eacute;vention des risques professionnels SSE</a>&nbsp;permet d&rsquo;int&eacute;grer ces consid&eacute;rations dans une strat&eacute;gie coh&eacute;rente, ajustable au fil des &eacute;volutions internes et aux transformations de l&rsquo;environnement externe. Chaque menace, qu&rsquo;elle provienne d&rsquo;un dysfonctionnement interne ou d&rsquo;une source ext&eacute;rieure, devient ainsi une opportunit&eacute; d&rsquo;am&eacute;lioration et de renforcement de votre protection.</p>
<h2>Construire une strat&eacute;gie de gestion des risques efficace</h2>
<p>Pour b&acirc;tir une strat&eacute;gie r&eacute;aliste, il est essentiel de commencer par d&eacute;finir le processus global. Cette d&eacute;marche inclut la s&eacute;lection et l&rsquo;&eacute;valuation des contr&ocirc;les de s&eacute;curit&eacute;, la planification de la continuit&eacute; des activit&eacute;s et la prise de d&eacute;cision quant aux autorisations (de syst&egrave;mes, d&rsquo;acc&egrave;s, de fonctions, etc.). Elle offre ainsi un cadre structur&eacute;, qui guide les investissements, oriente les d&eacute;cisions op&eacute;rationnelles et permet de r&eacute;duire en m&ecirc;me temps la probabilit&eacute; et l&rsquo;impact des &eacute;v&eacute;nements ind&eacute;sirables.</p>
<p>Une phase pratique consiste &agrave; r&eacute;aliser une carte des risques sur une seule page, offrant une vision comparative de toutes les menaces op&eacute;rationnelles, financi&egrave;res, accidentelles ou strat&eacute;giques susceptibles d&rsquo;affecter l&rsquo;organisation. Cette vision synth&eacute;tique peut &ecirc;tre compl&eacute;t&eacute;e par une grande matrice des risques, mettant en avant les menaces les plus dommageables et facilitant la hi&eacute;rarchisation des actions &agrave; mener.</p>
<p>Enfin, anticiper les menaces inclut la mise en place d&rsquo;outils d&rsquo;analyse. Sc&eacute;narios prospectifs, approches statistiques, mod&egrave;les financiers, ou encore &eacute;valuation technique lors du d&eacute;veloppement de nouveaux produits, permettent d&rsquo;affiner le regard sur les vuln&eacute;rabilit&eacute;s &agrave; venir.</p>
<h2>T&eacute;l&eacute;surveillance et s&eacute;curit&eacute; &eacute;lectronique : des alli&eacute;s pour une gestion des risques optimale</h2>
<p>Int&eacute;grer la t&eacute;l&eacute;surveillance et la s&eacute;curit&eacute; &eacute;lectronique dans votre plan de gestion des risques permet de renforcer la r&eacute;activit&eacute; et la pr&eacute;cision des interventions. Bien plus que le simple d&eacute;clenchement d&rsquo;alarmes, ces outils offrent une vision globale et continue de vos sites, ce qui facilite la d&eacute;tection, l&rsquo;analyse et la r&eacute;solution des incidents en temps r&eacute;el.</p>
<p>Nos solutions centralisent la supervision de l&rsquo;ensemble des syst&egrave;mes (contr&ocirc;le d&rsquo;acc&egrave;s, vid&eacute;osurveillance, d&eacute;tection d&rsquo;intrusions ou d&rsquo;incendie) au sein d&rsquo;une m&ecirc;me plateforme. Vous disposez ainsi d&rsquo;un dispositif agile, capable d&rsquo;anticiper les menaces, de r&eacute;duire la vuln&eacute;rabilit&eacute; de vos installations et d&rsquo;optimiser en continu votre strat&eacute;gie de gestion des risques.</p>
<h2>Bonnes pratiques pour la gestion des risques</h2>
<p>Pour d&eacute;velopper une v&eacute;ritable&nbsp;<a href=""https://www.securitas.fr/blog-securite/comment-developper-une-culture-de-securite-dans-son-entreprise/"" target=""_blank"" rel=""noopener"">culture de la s&eacute;curit&eacute;</a>, vous devez &ecirc;tre &agrave; l&rsquo;&eacute;coute des retours du terrain, des non-conformit&eacute;s, des exp&eacute;riences, mais &eacute;galement des points forts. Une telle approche, autant pr&eacute;cise que pragmatique, offre une vision plus r&eacute;aliste des menaces, tout en renfor&ccedil;ant l&rsquo;engagement des collaborateurs.</p>
<h3>Impliquer les collaborateurs dans la culture de la s&eacute;curit&eacute;</h3>
<p>En mati&egrave;re de gestion des risques, une communication ouverte et transparente est indispensable. Partager l&rsquo;information via diff&eacute;rents canaux &ndash; intranet, journal interne, comit&eacute;s, rapports annuels, pr&eacute;sentations &agrave; la direction &ndash; permet de mieux appr&eacute;hender les enjeux de s&eacute;curit&eacute;. Toutefois, il n&rsquo;est pas toujours &eacute;vident d&rsquo;encourager chaque collaborateur &agrave; diffuser l&rsquo;information utile. De plus, les responsables charg&eacute;s des risques doivent b&eacute;n&eacute;ficier de canaux de communication fiables, tant en interne qu&rsquo;entre diff&eacute;rentes unit&eacute;s, afin d&rsquo;identifier rapidement les menaces et d&rsquo;y r&eacute;pondre de mani&egrave;re appropri&eacute;e.</p>
<p>Outre les messages, la formation et la sensibilisation jouent un r&ocirc;le cl&eacute; pour aider chaque salari&eacute; &agrave; saisir l&rsquo;importance de la&nbsp;<a href=""https://www.securitas.fr/services-integres/securite/prevention-des-risques/"" target=""_blank"" rel=""noopener"">pr&eacute;vention des risques</a>. Une d&eacute;marche centr&eacute;e sur l&rsquo;humain, associant communications cibl&eacute;es, sessions de formation et modules d&rsquo;initiation, peut favoriser une meilleure compr&eacute;hension et une adh&eacute;sion plus forte.</p>
<h3>Assurer la conformit&eacute; et r&eacute;duire les risques juridiques</h3>
<p>La conformit&eacute; vis-&agrave;-vis des normes, lois, arr&ecirc;t&eacute;s ou directives politiques est un enjeu majeur pour limiter les risques juridiques.&nbsp;<a href=""https://www.securitas.fr/blog-securite/les-obligations-legales-et-reglementaires-de-la-gestion-des-risques/"" target=""_blank"" rel=""noopener"">Ces obligations</a>, qui &eacute;voluent r&eacute;guli&egrave;rement, n&eacute;cessitent une vigilance constante. Leur non-respect peut entra&icirc;ner des p&eacute;nalit&eacute;s, des litiges et une d&eacute;gradation de la r&eacute;putation de l&rsquo;entreprise. Il s&rsquo;agit donc, tout d'abord, de comparer ce qui est exig&eacute; l&eacute;galement avec ce qui se pratique au quotidien, puis d&rsquo;agir en cons&eacute;quence lorsque des &eacute;carts sont constat&eacute;s.</p>
<p>Pour ma&icirc;triser ces enjeux, cinq grandes &eacute;tapes peuvent &ecirc;tre envisag&eacute;es :</p>
<ol>
<li>Anticiper les &eacute;volutions r&eacute;glementaires et mettre en place des m&eacute;canismes de contr&ocirc;le.</li>
<li>D&eacute;terminer les domaines juridiques sensibles et en mesurer l&rsquo;impact potentiel.</li>
<li>D&eacute;ployer des mesures concr&egrave;tes pour pr&eacute;venir ou corriger les &eacute;carts.</li>
<li>Int&eacute;grer pleinement l&rsquo;expertise juridique dans les processus de d&eacute;cision.</li>
<li>Former et informer tous les services, afin que chacun comprenne sa responsabilit&eacute; et agisse en cons&eacute;quence.</li>
</ol>
<p>En adoptant une telle m&eacute;thode, l&rsquo;entreprise s&rsquo;assure non seulement de respecter le cadre l&eacute;gislatif, mais &eacute;galement de renforcer la confiance des parties prenantes et de r&eacute;duire durablement les risques auxquels elle est confront&eacute;e.</p>
<h3>G&eacute;rer les crises et r&eacute;agir efficacement face aux incidents</h3>
<p>Lorsqu&rsquo;une crise survient, elle peut profond&eacute;ment perturber l&rsquo;activit&eacute; de l&rsquo;entreprise, nuire &agrave; son image et engendrer des cons&eacute;quences financi&egrave;res et juridiques. Pour anticiper ces situations, il faut mettre en place un&nbsp;<a href=""https://www.securitas.fr/blog-securite/plan-de-gestion-de-crise-pourquoi-et-comment-le-mettre-en-place/"">plan de gestion de crise</a>&nbsp;complet et adapt&eacute;. C&rsquo;est dans cette optique que nous proposons un accompagnement personnalis&eacute;, de la cartographie des risques &agrave; la cr&eacute;ation de documents op&eacute;rationnels, en incluant la formation des collaborateurs et la mise &agrave; disposition d&rsquo;experts d&eacute;di&eacute;s.</p>
<p>Gr&acirc;ce &agrave; une approche globale et modulable,&nbsp;<a href=""https://www.securitas.fr/services-integres/risk-management/gestion-de-crise/"" target=""_blank"" rel=""noopener"">la gestion de crise</a>&nbsp;permet de renforcer l&rsquo;adaptabilit&eacute; de l&rsquo;entreprise, de pr&eacute;server sa r&eacute;putation et d&rsquo;assurer une r&eacute;action rapide et coordonn&eacute;e lorsque le contexte l&rsquo;exige.</p>
<h2>L&rsquo;importance de l&rsquo;expertise et du suivi continu</h2>
<p>Pour r&eacute;sumer, la gestion des risques requiert&nbsp;:</p>
<ul>
<li>Un suivi r&eacute;gulier ;</li>
<li>Des ajustements continus ;</li>
<li>Une veille attentive sur les &eacute;volutions du march&eacute;, les exigences r&eacute;glementaires et l&rsquo;&eacute;mergence de nouvelles menaces.</li>
</ul>
<p>Chez Securitas, nous avons fait de ce suivi et de cette expertise un pilier fondamental de notre approche. En pla&ccedil;ant nos clients au c&oelig;ur de nos priorit&eacute;s, nous aidons chaque organisation &agrave;&nbsp;:</p>
<ul>
<li>Mieux comprendre ses vuln&eacute;rabilit&eacute;s ;</li>
<li>D&eacute;crypter les solutions les plus pertinentes ;</li>
<li>Concentrer ses efforts sur sa r&eacute;ussite sociale et &eacute;conomique.</li>
</ul>
<p>En choisissant Securitas, vous misez sur un accompagnement personnalis&eacute; et &eacute;volutif, con&ccedil;u pour soutenir vos objectifs et renforcer durablement votre gestion des risques.</p>","Les menaces qui pèsent sur votre entreprise évoluent chaque jour. Une gestion proactive des risques constitue une base essentielle pour la sécurité de votre entreprise. ","[""tendances"",""conseils""]","2025-04-06","5b627b93-3a2d-4b83-a702-42de04137742","Équipe PROSEN",true